key,loudness,tempo,duration_ms,playlist_uri
6,-12.927,100.009,183600,1
5,-9.152,126.901,221102,1
10,-13.389,130.029,184615,1
5,-11.442,75.303,181166,1
5,-9.842,118.994,226013,1
5,-5.898,77.987,244507,0
2,-10.678,156.026,147933,1
1,-9.528,105.004,297429,1
1,-9.106,148.024,160120,1
1,-5.23,148.033,222973,0
9,-4.261,126.928,209267,0
1,-2.248,95.095,212938,0
0,-8.088,102.945,190714,1
1,-3.127,177.751,175093,0
11,-10.832,140.026,273864,1
7,-5.605,82.976,241222,2
10,-5.057,154.837,203507,0
9,-8.317,126.482,323600,0
11,-4.739,77.577,257253,0
0,-5.356,137.028,230760,0
0,-10.106,107.988,192477,1
5,-3.117,143.952,151533,2
10,-7.743,154.996,172021,2
8,-3.509,132.078,193893,0
2,-5.001,129.786,247067,2
7,-9.393,100.009,145000,1
6,-4.054,116.529,264707,0
8,-4.151,116.68,218933,0
3,-13.091,176.703,200213,1
3,-11.854,129.942,190433,1
1,-3.677,172.977,211520,0
8,-13.251,109.981,173459,1
8,-11.428,142.034,184905,2
4,-3.719,90.598,199907,0
0,-15.605,108.741,248808,1
5,-5.021,135.767,199760,0
3,-11.145,115.906,263653,1
2,-9.528,203.852,197453,1
0,-6.337,111.99,226787,2
4,-2.31,126.007,161791,2
9,-8.959,72.025,231067,1
7,-8.998,84.989,264285,1
9,-12.958,137.58,203920,1
5,-10.94,92.653,264453,1
3,-9.93,116.944,150492,1
9,-3.442,91.455,269000,0
9,-2.788,96.483,329733,0
7,-4.902,165.068,159308,2
1,-14.639,123.951,240640,1
7,-11.877,78.478,385653,1
7,-4.647,141.581,299533,0
2,-4.046,128.019,304840,0
7,-6.888,111.021,263080,2
10,-5.042,172.094,223840,0
0,-5.29,194.876,196136,2
0,-4.344,95.594,171533,0
9,-3.767,158.114,172376,2
6,-2.884,128.037,211119,2
1,-13.855,79.913,184451,1
9,-4.106,170.094,186635,0
7,-2.189,92.956,192000,0
5,-6.53,168.049,217000,0
1,-9.04,91.99,327888,1
8,-10.453,159.803,325829,1
4,-5.433,109.781,216760,0
0,-3.929,98.019,167288,2
4,-7.807,123.596,232107,0
9,-9.083,138.038,205229,1
11,-3.198,114.452,180267,0
0,-5.709,104.061,193373,0
11,-5.27,154.004,374973,0
3,-1.912,118.042,147536,2
2,-8.324,157.991,226320,2
6,-19.739,141.855,212158,1
0,-13.986,93.603,288618,1
2,-5.428,162.152,165853,0
10,-9.604,89.836,116053,1
1,-3.358,96.306,213760,0
9,-4.563,123.696,215267,0
9,-5.875,116.046,207093,0
8,-7.533,97.867,256240,0
5,-15.541,106.04,167995,1
0,-6.163,144.04,294893,0
8,-2.603,134.007,195667,0
11,-7.566,123.039,207652,2
6,-5.157,89.342,231480,0
1,-2.297,134.99,181798,2
3,-4.214,113.03,240000,2
0,-5.312,170.944,253813,0
2,-5.506,150.19,303120,0
1,-2.956,161.797,174027,0
11,-9.635,165.837,234213,1
0,-4.496,124.005,211458,2
1,-5.119,130.198,255627,0
9,-10.129,106.027,160720,1
9,-8.266,102.027,192159,1
5,-3.061,183.147,195748,2
8,-4.095,167.06,262333,0
5,-9.018,94.473,290147,1
8,-3.428,148.042,182792,2
5,-5.285,120.119,205613,0
8,-4.278,73.722,209976,2
0,-2.36,96.184,282160,0
5,-5.263,92.044,228261,2
6,-13.774,94.344,207232,1
4,-3.063,111.647,161920,0
11,-3.313,130.433,220427,0
5,-20.149,137.35,161929,1
6,-3.751,173.734,198267,0
2,-9.024,78.923,249544,1
4,-9.865,83.909,320187,1
8,-2.975,167.203,187461,2
1,-4.386,91.057,187794,2
7,-3.908,127.066,210240,0
4,-4.28,105.544,202573,0
7,-2.461,141.09,192878,2
2,-16.89,92.959,315640,1
9,-7.721,101.988,213056,1
10,-7.952,150.253,196613,0
5,-4.674,140.032,204677,2
5,-3.425,112.548,242280,0
0,-10.016,114.95,140312,1
11,-5.379,160.04,215987,2
5,-11.233,73.605,213497,1
9,-4.153,110.018,185587,0
5,-7.942,77.985,181623,1
1,-3.57,86.009,257904,2
5,-2.709,165.096,197995,2
4,-8.719,80.028,204772,1
9,-7.48,169.873,212733,0
11,-4.682,82.305,247267,0
7,-5.477,107.849,293960,0
2,-4.103,96.95,311107,0
4,-10.91,89.002,194157,1
7,-9.881,94.02,183199,1
2,-14.757,105.033,190125,1
4,-6.26,114.623,200307,0
4,-4.649,82.952,232800,0
9,-5.11,158.009,219827,0
11,-7.227,173.372,266773,0
5,-5.541,159.824,171133,2
9,-3.427,179.722,186480,0
9,-13.419,145.039,211845,1
1,-11.971,90.001,127000,1
11,-5.607,101.968,321040,0
0,-10.333,79.991,324500,1
7,-3.001,98.122,208693,0
9,-5.817,142.011,341986,2
1,-5.405,117.005,154099,2
11,-3.486,106.031,208107,0
7,-4.784,162.011,229093,0
3,-5.063,186.253,190573,0
7,-7.038,122.009,253373,1
11,-6.547,110.0,227240,0
2,-4.722,174.952,177600,2
5,-5.703,167.719,263440,0
0,-12.83,135.975,205544,1
7,-13.85,126.085,245027,1
3,-6.567,105.195,216800,0
4,-3.881,182.99,231533,0
11,-5.708,99.009,233933,0
2,-3.126,181.04,182827,0
2,-3.621,112.886,176307,0
4,-6.44,100.008,213107,0
4,-8.698,116.026,162587,0
1,-7.13,86.006,185816,1
4,-3.188,94.612,235893,0
1,-2.42,186.081,174320,0
8,-4.542,143.519,206587,0
6,-6.992,76.063,166759,2
7,-9.741,71.173,194745,1
0,-4.314,94.01,198373,1
9,-5.653,153.398,203347,0
5,-3.398,174.024,205974,2
0,-7.975,102.009,75294,1
4,-9.735,135.975,236965,1
7,-7.671,123.033,199592,2
9,-7.362,159.94,184516,1
11,-9.088,98.996,158360,1
2,-8.214,92.506,269875,1
9,-4.04,172.984,269373,0
0,-9.933,94.604,201413,1
7,-6.649,87.959,310381,2
5,-16.911,141.999,209789,1
7,-11.255,78.926,183579,1
6,-14.567,143.603,190000,1
5,-9.866,77.94,301480,1
1,-5.531,110.065,198333,0
2,-10.572,103.971,232533,0
4,-7.513,169.89,231882,2
1,-2.789,176.955,193976,2
8,-10.198,82.416,164000,1
0,-12.909,109.995,170787,1
5,-4.9,120.514,251293,0
7,-3.787,160.029,213875,2
10,-5.159,179.993,233351,2
1,-8.381,129.954,203077,1
8,-9.113,89.791,220655,1
3,-7.761,139.984,423347,1
2,-4.489,174.917,137760,0
5,-8.853,120.18,210693,1
7,-11.727,109.971,234174,1
2,-6.542,116.997,238143,2
0,-2.741,155.376,280467,0
5,-7.029,67.529,202075,1
4,-8.213,130.005,184258,1
10,-4.466,123.969,190883,2
1,-16.686,140.02,176761,1
4,-8.821,104.561,237027,0
5,-3.761,87.904,196093,0
2,-15.691,101.746,213458,1
4,-10.965,150.051,195867,1
8,-10.028,150.023,179000,1
11,-13.002,123.946,202369,1
2,-2.356,118.4,261507,0
11,-19.111,62.895,402265,1
5,-6.321,72.516,224080,1
8,-8.006,104.994,250161,1
0,-7.08,117.942,253179,1
6,-4.013,139.991,171842,2
9,-7.789,176.004,266734,1
4,-9.155,111.868,226307,1
6,-4.19,103.183,173680,0
10,-8.477,90.101,159540,1
11,-3.194,176.014,187141,2
0,-12.113,78.471,242627,1
7,-6.542,135.358,209362,1
2,-6.254,155.827,316733,0
6,-4.807,100.975,208467,0
5,-7.828,172.989,184232,1
7,-3.776,160.028,243978,2
0,-3.159,126.115,177827,0
1,-3.979,92.209,224800,2
4,-10.057,170.924,159651,1
9,-4.852,93.162,227440,0
2,-6.495,136.279,246400,0
4,-1.574,95.754,110093,0
7,-8.149,147.989,250032,1
3,-4.618,105.754,282947,0
4,-3.406,89.987,215163,2
2,-12.456,117.295,132640,1
10,-4.441,167.094,200547,0
10,-7.782,159.999,168000,1
2,-3.435,105.046,213800,0
7,-3.727,120.0,212440,0
11,-3.04,141.909,152375,2
4,-9.109,126.948,226147,1
11,-2.96,130.573,205680,2
5,-6.422,144.06,106867,1
0,-8.105,141.817,188768,1
8,-3.409,146.525,232680,0
